Workbook

Sheet 1 Layer
A1: Layers | B1: Superepoch | C1: Region | D1: TrainMean | E1: TrainStd | F1: TestMean | G1: TestStd | H1: TestMeanINC | I1: TestStdINC | J1: TimeMean | K1: TimeStd
A2: 1 | B2: 5 | C2: 0 | D2: 0.17517043 | E2: 0.0038281886 | F2: 0.19991987 | G2: 0.0072235029 | H2: 0.27764767 | I2: 0.11547952
A3: 1 | B3: 5 | C3: 1 | D3: 0.26949338 | E3: 0.0081635295 | F3: 0.29829447 | G3: 0.033770031 | H3: 0.25729319 | I3: 0.019107036
A4: 1 | B4: 5 | C4: 2 | D4: 0.19218436 | E4: 0.0079536549 | F4: 0.25186748 | G4: 0.0095501352 | H4: 0.24728149 | I4: 0.04110429
J5: 0.0491134 | K5: 0.0052436157
A6: 1 | B6: 10 | C6: 0 | D6: 0.17495777 | E6: 0.0053139371 | F6: 0.19988228 | G6: 0.007382811 | H6: 0.26467962 | I6: 0.086961378
A7: 1 | B7: 10 | C7: 1 | D7: 0.26731055 | E7: 0.007876543 | F7: 0.3341535 | G7: 0.055102875 | H7: 0.26749813 | I7: 0.034007454
A8: 1 | B8: 10 | C8: 2 | D8: 0.18780869 | E8: 0.0077784528 | F8: 0.24875515 | G8: 0.023815259 | H8: 0.24638198 | I8: 0.033538109
J9: 0.049095531 | K9: 0.0039589358
A10: 1 | B10: 15 | C10: 0 | D10: 0.17609878 | E10: 0.0048516126 | F10: 0.20069206 | G10: 0.0075058784 | H10: 0.25056862 | I10: 0.074136992
A11: 1 | B11: 15 | C11: 1 | D11: 0.27014226 | E11: 0.0086452124 | F11: 0.33912505 | G11: 0.051107293 | H11: 0.2635531 | I11: 0.028926322
A12: 1 | B12: 15 | C12: 2 | D12: 0.18944413 | E12: 0.008343037 | F12: 0.26088937 | G12: 0.042354295 | H12: 0.24440094 | I12: 0.02867888
J13: 0.048672917 | K13: 0.0035165748
A14: 1 | B14: 20 | C14: 0 | D14: 0.17732113 | E14: 0.0055942419 | F14: 0.20431566 | G14: 0.010492654 | H14: 0.2442026 | I14: 0.065661703
A15: 1 | B15: 20 | C15: 1 | D15: 0.26968889 | E15: 0.0088909986 | F15: 0.34100704 | G15: 0.048925952 | H15: 0.26080213 | I15: 0.02633783
A16: 1 | B16: 20 | C16: 2 | D16: 0.18889889 | E16: 0.0078847774 | F16: 0.2631159 | G16: 0.039756732 | H16: 0.24317805 | I16: 0.030893289
J17: 0.049018826 | K17: 0.003269795
A18: 1 | B18: 25 | C18: 0 | D18: 0.1766727 | E18: 0.0063418506 | F18: 0.20432131 | G18: 0.010043737 | H18: 0.25011578 | I18: 0.061472126
A19: 1 | B19: 25 | C19: 1 | D19: 0.26884821 | E19: 0.0082540818 | F19: 0.33487788 | G19: 0.047078 | H19: 0.26753123 | I19: 0.028538549
A20: 1 | B20: 25 | C20: 2 | D20: 0.18795825 | E20: 0.0080012866 | F20: 0.26382948 | G20: 0.037762711 | H20: 0.25556809 | I20: 0.045591979
J21: 0.048845465 | K21: 0.0030271715
A22: 1 | B22: 30 | C22: 0 | D22: 0.17756183 | E22: 0.0065288072 | F22: 0.20459671 | G22: 0.010867379 | H22: 0.24638521 | I22: 0.057578103
A23: 1 | B23: 30 | C23: 1 | D23: 0.26838228 | E23: 0.0077740997 | F23: 0.33228062 | G23: 0.043885464 | H23: 0.26790844 | I23: 0.030599348
A24: 1 | B24: 30 | C24: 2 | D24: 0.1886915 | E24: 0.0075781365 | F24: 0.26433497 | G24: 0.035189223 | H24: 0.25062693 | I24: 0.043353956
J25: 0.048818555 | K25: 0.0028489898
A26: 1 | B26: 35 | C26: 0 | D26: 0.17767306 | E26: 0.0064426886 | F26: 0.20582908 | G26: 0.014180858 | H26: 0.244322 | I26: 0.054013573
A27: 1 | B27: 35 | C27: 1 | D27: 0.26750037 | E27: 0.0085792226 | F27: 0.33037656 | G27: 0.04195484 | H27: 0.2669714 | I27: 0.028916832
A28: 1 | B28: 35 | C28: 2 | D28: 0.18792363 | E28: 0.007566181 | F28: 0.26178968 | G28: 0.033368235 | H28: 0.24932893 | I28: 0.040661589
J29: 0.048919942 | K29: 0.0027459779

Sheet 2 Layers
A1: Layers | B1: Superepoch | C1: Region | D1: TrainMean | E1: TrainStd | F1: TestMean | G1: TestStd | H1: TestMeanINC | I1: TestStdINC | J1: TimeMean | K1: TimeStd
A2: 2 | B2: 5 | C2: 0 | D2: 0.19184216 | E2: 0.0070646015 | F2: 0.23465715 | G2: 0.014028413 | H2: 0.26687588 | I2: 0.028330243
A3: 2 | B3: 5 | C3: 1 | D3: 0.28599048 | E3: 0.016330922 | F3: 0.42133906 | G3: 0.074793816 | H3: 0.29793603 | I3: 0.035701586
A4: 2 | B4: 5 | C4: 2 | D4: 0.19683772 | E4: 0.014671487 | F4: 0.35161964 | G4: 0.045067293 | H4: 0.28277205 | I4: 0.030625819
J5: 0.077604157 | K5: 0.0010502115
A6: 2 | B6: 10 | C6: 0 | D6: 0.18600925 | E6: 0.008842985 | F6: 0.24673298 | G6: 0.023878605 | H6: 0.29410366 | I6: 0.050366139
A7: 2 | B7: 10 | C7: 1 | D7: 0.28142829 | E7: 0.016106363 | F7: 0.41860536 | G7: 0.063384696 | H7: 0.31327918 | I7: 0.038826561
A8: 2 | B8: 10 | C8: 2 | D8: 0.19543979 | E8: 0.013139968 | F8: 0.35438931 | G8: 0.040275227 | H8: 0.31803052 | I8: 0.059073843
J9: 0.077481478 | K9: 0.0018016725
A10: 2 | B10: 15 | C10: 0 | D10: 0.18753683 | E10: 0.012434576 | F10: 0.24721287 | G10: 0.030700446 | H10: 0.28728328 | I10: 0.044678558
A11: 2 | B11: 15 | C11: 1 | D11: 0.28192246 | E11: 0.015444063 | F11: 0.4229072 | G11: 0.07243763 | H11: 0.30830896 | I11: 0.03748286
A12: 2 | B12: 15 | C12: 2 | D12: 0.19861494 | E12: 0.017674786 | F12: 0.34461844 | G12: 0.046064173 | H12: 0.307849 | I12: 0.051964133
J13: 0.077694036 | K13: 0.002012214
A14: 2 | B14: 20 | C14: 0 | D14: 0.18503483 | E14: 0.012493032 | F14: 0.24239693 | G14: 0.027957635 | H14: 0.29075096 | I14: 0.044588029
A15: 2 | B15: 20 | C15: 1 | D15: 0.28076591 | E15: 0.016472272 | F15: 0.42816328 | G15: 0.075308723 | H15: 0.30381247 | I15: 0.034027762
A16: 2 | B16: 20 | C16: 2 | D16: 0.19734017 | E16: 0.016699215 | F16: 0.34206769 | G16: 0.044256544 | H16: 0.30684908 | I16: 0.04664054
J17: 0.077391334 | K17: 0.0023143795
A18: 2 | B18: 25 | C18: 0 | D18: 0.18586266 | E18: 0.01170739 | F18: 0.24218237 | G18: 0.025768404 | H18: 0.29193619 | I18: 0.049522449
A19: 2 | B19: 25 | C19: 1 | D19: 0.27932664 | E19: 0.015589446 | F19: 0.4252107 | G19: 0.069625865 | H19: 0.30615581 | I19: 0.043524852
A20: 2 | B20: 25 | C20: 2 | D20: 0.19672223 | E20: 0.015505781 | F20: 0.33463023 | G20: 0.044894973 | H20: 0.31178041 | I20: 0.057608559
J21: 0.077430939 | K21: 0.0024548369
A22: 2 | B22: 30 | C22: 0 | D22: 0.18718112 | E22: 0.013629056 | F22: 0.24641284 | G22: 0.035290818 | H22: 0.29070404 | I22: 0.047555236
A23: 2 | B23: 30 | C23: 1 | D23: 0.27843731 | E23: 0.015180057 | F23: 0.42527246 | G23: 0.084601761 | H23: 0.30613894 | I23: 0.040632345
A24: 2 | B24: 30 | C24: 2 | D24: 0.19648112 | E24: 0.015189204 | F24: 0.34191123 | G24: 0.051705945 | H24: 0.30529937 | I24: 0.054652595
J25: 0.07763843 | K25: 0.0022984459
A26: 2 | B26: 35 | C26: 0 | D26: 0.1877921 | E26: 0.013632342 | F26: 0.24870486 | G26: 0.034807631 | H26: 0.29093362 | I26: 0.045305563
A27: 2 | B27: 35 | C27: 1 | D27: 0.28216172 | E27: 0.026013394 | F27: 0.43384097 | G27: 0.081954894 | H27: 0.30447504 | I27: 0.038850532
A28: 2 | B28: 35 | C28: 2 | D28: 0.1999425 | E28: 0.019113346 | F28: 0.34632779 | G28: 0.050048052 | H28: 0.30128745 | I28: 0.052032773
J29: 0.077834776 | K29: 0.0024466675

Sheet 3 Layers
A1: Layers | B1: Superepoch | C1: Region | D1: TrainMean | E1: TrainStd | F1: TestMean | G1: TestStd | H1: TestMeanINC | I1: TestStdINC | J1: TimeMean | K1: TimeStd
A2: 3 | B2: 5 | C2: 0 | D2: 0.19184216 | E2: 0.0070646015 | F2: 0.23465715 | G2: 0.014028413 | H2: 0.26687588 | I2: 0.028330243
A3: 3 | B3: 5 | C3: 1 | D3: 0.28599048 | E3: 0.016330922 | F3: 0.42133906 | G3: 0.074793816 | H3: 0.29793603 | I3: 0.035701586
A4: 3 | B4: 5 | C4: 2 | D4: 0.19683772 | E4: 0.014671487 | F4: 0.35161964 | G4: 0.045067293 | H4: 0.28277205 | I4: 0.030625819
J5: 0.075720068 | K5: 0.0025665672
A6: 3 | B6: 10 | C6: 0 | D6: 0.18600925 | E6: 0.008842985 | F6: 0.24673298 | G6: 0.023878605 | H6: 0.29410366 | I6: 0.050366139
A7: 3 | B7: 10 | C7: 1 | D7: 0.28142829 | E7: 0.016106363 | F7: 0.41860536 | G7: 0.063384696 | H7: 0.31327918 | I7: 0.038826561
A8: 3 | B8: 10 | C8: 2 | D8: 0.19543979 | E8: 0.013139968 | F8: 0.35438931 | G8: 0.040275227 | H8: 0.31803052 | I8: 0.059073843
J9: 0.074931848 | K9: 0.0020231338
A10: 3 | B10: 15 | C10: 0 | D10: 0.18753683 | E10: 0.012434576 | F10: 0.24721287 | G10: 0.030700446 | H10: 0.28728328 | I10: 0.044678558
A11: 3 | B11: 15 | C11: 1 | D11: 0.28192246 | E11: 0.015444063 | F11: 0.4229072 | G11: 0.07243763 | H11: 0.30830896 | I11: 0.03748286
A12: 3 | B12: 15 | C12: 2 | D12: 0.19861494 | E12: 0.017674786 | F12: 0.34461844 | G12: 0.046064173 | H12: 0.307849 | I12: 0.051964133
J13: 0.075714512 | K13: 0.0023293235
A14: 3 | B14: 20 | C14: 0 | D14: 0.18503483 | E14: 0.012493032 | F14: 0.24239693 | G14: 0.027957635 | H14: 0.29075096 | I14: 0.044588029
A15: 3 | B15: 20 | C15: 1 | D15: 0.28076591 | E15: 0.016472272 | F15: 0.42816328 | G15: 0.075308723 | H15: 0.30381247 | I15: 0.034027762
A16: 3 | B16: 20 | C16: 2 | D16: 0.19734017 | E16: 0.016699215 | F16: 0.34206769 | G16: 0.044256544 | H16: 0.30684908 | I16: 0.04664054
J17: 0.075843815 | K17: 0.0025709942
A18: 3 | B18: 25 | C18: 0 | D18: 0.18586266 | E18: 0.01170739 | F18: 0.24218237 | G18: 0.025768404 | H18: 0.29193619 | I18: 0.049522449
A19: 3 | B19: 25 | C19: 1 | D19: 0.27932664 | E19: 0.015589446 | F19: 0.4252107 | G19: 0.069625865 | H19: 0.30615581 | I19: 0.043524852
A20: 3 | B20: 25 | C20: 2 | D20: 0.19672223 | E20: 0.015505781 | F20: 0.33463023 | G20: 0.044894973 | H20: 0.31178041 | I20: 0.057608559
J21: 0.075768941 | K21: 0.0024030253
A22: 3 | B22: 30 | C22: 0 | D22: 0.18718112 | E22: 0.013629056 | F22: 0.24641284 | G22: 0.035290818 | H22: 0.29070404 | I22: 0.047555236
A23: 3 | B23: 30 | C23: 1 | D23: 0.27843731 | E23: 0.015180057 | F23: 0.42527246 | G23: 0.084601761 | H23: 0.30613894 | I23: 0.040632345
A24: 3 | B24: 30 | C24: 2 | D24: 0.19648112 | E24: 0.015189204 | F24: 0.34191123 | G24: 0.051705945 | H24: 0.30529937 | I24: 0.054652595
J25: 0.076088204 | K25: 0.0024719517
A26: 3 | B26: 35 | C26: 0 | D26: 0.1877921 | E26: 0.013632342 | F26: 0.24870486 | G26: 0.034807631 | H26: 0.29093362 | I26: 0.045305563
A27: 3 | B27: 35 | C27: 1 | D27: 0.28216172 | E27: 0.026013394 | F27: 0.43384097 | G27: 0.081954894 | H27: 0.30447504 | I27: 0.038850532
A28: 3 | B28: 35 | C28: 2 | D28: 0.1999425 | E28: 0.019113346 | F28: 0.34632779 | G28: 0.050048052 | H28: 0.30128745 | I28: 0.052032773
J29: 0.07600184 | K29: 0.0023425176

Sheet 4 Layers
A1: Layers | B1: Superepoch | C1: Region | D1: TrainMean | E1: TrainStd | F1: TestMean | G1: TestStd | H1: TestMeanINC | I1: TestStdINC | J1: TimeMean | K1: TimeStd
A2: 4 | B2: 5 | C2: 0 | D2: 0.21471591 | E2: 0.030200061 | F2: 0.29290797 | G2: 0.042504821 | H2: 0.31916047 | I2: 0.057790521
A3: 4 | B3: 5 | C3: 1 | D3: 0.31533913 | E3: 0.014496825 | F3: 0.58061328 | G3: 0.066905304 | H3: 0.31930595 | I3: 0.019460676
A4: 4 | B4: 5 | C4: 2 | D4: 0.22726766 | E4: 0.026223525 | F4: 0.41140346 | G4: 0.033734848 | H4: 0.33882171 | I4: 0.037083815
J5: 0.1078719 | K5: 0.0052709749
A6: 4 | B6: 10 | C6: 0 | D6: 0.19778291 | E6: 0.028388064 | F6: 0.27426778 | G6: 0.038382515 | H6: 0.32900513 | I6: 0.061201528
A7: 4 | B7: 10 | C7: 1 | D7: 0.30453322 | E7: 0.015692424 | F7: 0.56533962 | G7: 0.085411046 | H7: 0.32416286 | I7: 0.038465798
A8: 4 | B8: 10 | C8: 2 | D8: 0.21989939 | E8: 0.022477997 | F8: 0.41522155 | G8: 0.047643383 | H8: 0.33950392 | I8: 0.042427628
J9: 0.10550237 | K9: 0.0053809185
A10: 4 | B10: 15 | C10: 0 | D10: 0.19448824 | E10: 0.024163499 | F10: 0.27330184 | G10: 0.034393457 | H10: 0.34057646 | I10: 0.062906274
A11: 4 | B11: 15 | C11: 1 | D11: 0.30454738 | E11: 0.016180646 | F11: 0.57211792 | G11: 0.075567632 | H11: 0.3210546 | I11: 0.035070169
A12: 4 | B12: 15 | C12: 2 | D12: 0.2200192 | E12: 0.019661736 | F12: 0.40839387 | G12: 0.043268362 | H12: 0.33148089 | I12: 0.038341119
J13: 0.10477818 | K13: 0.004924366
A14: 4 | B14: 20 | C14: 0 | D14: 0.19807872 | E14: 0.027180961 | F14: 0.27679792 | G14: 0.036988644 | H14: 0.33595257 | I14: 0.058573543
A15: 4 | B15: 20 | C15: 1 | D15: 0.3042377 | E15: 0.019632535 | F15: 0.5625448 | G15: 0.069600163 | H15: 0.31950567 | I15: 0.031972027
A16: 4 | B16: 20 | C16: 2 | D16: 0.22194044 | E16: 0.021590971 | F16: 0.41048057 | G16: 0.039841698 | H16: 0.33041814 | I16: 0.036060895
J17: 0.10400886 | K17: 0.0045355037
A18: 4 | B18: 25 | C18: 0 | D18: 0.19683435 | E18: 0.024907427 | F18: 0.2748515 | G18: 0.034796646 | H18: 0.33494726 | I18: 0.055749949
A19: 4 | B19: 25 | C19: 1 | D19: 0.3020695 | E19: 0.018590059 | F19: 0.56771997 | G19: 0.0684041 | H19: 0.31920929 | I19: 0.033183006
A20: 4 | B20: 25 | C20: 2 | D20: 0.2181805 | E20: 0.0224765 | F20: 0.41874292 | G20: 0.049228411 | H20: 0.33093799 | I20: 0.036385426
J21: 0.10393295 | K21: 0.004361627
A22: 4 | B22: 30 | C22: 0 | D22: 0.19853711 | E22: 0.023311589 | F22: 0.27707071 | G22: 0.03397271 | H22: 0.34646108 | I22: 0.089002506
A23: 4 | B23: 30 | C23: 1 | D23: 0.30059334 | E23: 0.019216114 | F23: 0.56100578 | G23: 0.067286538 | H23: 0.33716249 | I23: 0.11484172
A24: 4 | B24: 30 | C24: 2 | D24: 0.21976322 | E24: 0.023001185 | F24: 0.42183268 | G24: 0.053938891 | H24: 0.34925016 | I24: 0.11470168
J25: 0.10380225 | K25: 0.0042626309
A26: 4 | B26: 35 | C26: 0 | D26: 0.19749923 | E26: 0.022248269 | F26: 0.27843536 | G26: 0.034397784 | H26: 0.3425399 | I26: 0.084941145
A27: 4 | B27: 35 | C27: 1 | D27: 0.30177726 | E27: 0.022315879 | F27: 0.56645023 | G27: 0.072363657 | H27: 0.33491898 | I27: 0.10695523
A28: 4 | B28: 35 | C28: 2 | D28: 0.21919857 | E28: 0.02210704 | F28: 0.42902716 | G28: 0.070872923 | H28: 0.34527471 | I28: 0.107751
J29: 0.10365481 | K29: 0.0041744256

Sheet 5 Layers
A1: Layers | B1: Superepoch | C1: Region | D1: TrainMean | E1: TrainStd | F1: TestMean | G1: TestStd | H1: TestMeanINC | I1: TestStdINC | J1: TimeMean | K1: TimeStd
A2: 5 | B2: 5 | C2: 0 | D2: 0.22142209 | E2: 0.023549194 | F2: 0.33896911 | G2: 0.036906266 | H2: 0.33461255 | I2: 0.049139753
A3: 5 | B3: 5 | C3: 1 | D3: 0.34573834 | E3: 0.02601491 | F3: 0.65173843 | G3: 0.072923641 | H3: 0.30645483 | I3: 0.016056978
A4: 5 | B4: 5 | C4: 2 | D4: 0.24876806 | E4: 0.022145917 | F4: 0.56016298 | G4: 0.050647233 | H4: 0.33520647 | I4: 0.023988413
J5: 0.13907811 | K5: 0.0032225054
A6: 5 | B6: 10 | C6: 0 | D6: 0.21460753 | E6: 0.021367673 | F6: 0.32680078 | G6: 0.038058234 | H6: 0.38437443 | I6: 0.1524013
A7: 5 | B7: 10 | C7: 1 | D7: 0.33434341 | E7: 0.028032093 | F7: 0.63186429 | G7: 0.067970509 | H7: 0.32751868 | I7: 0.056420006
A8: 5 | B8: 10 | C8: 2 | D8: 0.24357351 | E8: 0.022599787 | F8: 0.53804045 | G8: 0.057731595 | H8: 0.37022583 | I8: 0.093050351
J9: 0.13904826 | K9: 0.0028636306
A10: 5 | B10: 15 | C10: 0 | D10: 0.21832741 | E10: 0.026121568 | F10: 0.32264277 | G10: 0.032549351 | H10: 0.38675733 | I10: 0.13124232
A11: 5 | B11: 15 | C11: 1 | D11: 0.33093852 | E11: 0.024932974 | F11: 0.613883 | G11: 0.073253019 | H11: 0.34051477 | I11: 0.062327364
A12: 5 | B12: 15 | C12: 2 | D12: 0.25044551 | E12: 0.023341746 | F12: 0.55124386 | G12: 0.087830246 | H12: 0.38040268 | I12: 0.086903811
J13: 0.1392438 | K13: 0.0026382455
A14: 5 | B14: 20 | C14: 0 | D14: 0.2137428 | E14: 0.024525443 | F14: 0.316845 | G14: 0.034448824 | H14: 0.40583211 | I14: 0.15316036
A15: 5 | B15: 20 | C15: 1 | D15: 0.32852447 | E15: 0.022574448 | F15: 0.63260803 | G15: 0.075191665 | H15: 0.35817936 | I15: 0.096281308
A16: 5 | B16: 20 | C16: 2 | D16: 0.24388882 | E16: 0.023954569 | F16: 0.54129026 | G16: 0.088161012 | H16: 0.38545249 | I16: 0.096064791
J17: 0.1400875 | K17: 0.0031195647
A18: 5 | B18: 25 | C18: 0 | D18: 0.21436603 | E18: 0.023005167 | F18: 0.31825429 | G18: 0.039057885 | H18: 0.39048356 | I18: 0.14067945
A19: 5 | B19: 25 | C19: 1 | D19: 0.32673923 | E19: 0.023503859 | F19: 0.62336124 | G19: 0.07146766 | H19: 0.34825651 | I19: 0.088414923
A20: 5 | B20: 25 | C20: 2 | D20: 0.2477366 | E20: 0.025751427 | F20: 0.52667848 | G20: 0.086226946 | H20: 0.37503358 | I20: 0.088592301
J21: 0.14072444 | K21: 0.0032869802
A22: 5 | B22: 30 | C22: 0 | D22: 0.21154084 | E22: 0.022328254 | F22: 0.31805708 | G22: 0.036391077 | H22: 0.38176595 | I22: 0.13051622
A23: 5 | B23: 30 | C23: 1 | D23: 0.32463228 | E23: 0.025135189 | F23: 0.63961129 | G23: 0.086552256 | H23: 0.34155555 | I23: 0.082326251
A24: 5 | B24: 30 | C24: 2 | D24: 0.24474314 | E24: 0.024769665 | F24: 0.51282314 | G24: 0.085804535 | H24: 0.37573809 | I24: 0.086552226
J25: 0.14138935 | K25: 0.0034680082
A26: 5 | B26: 35 | C26: 0 | D26: 0.21106874 | E26: 0.021357673 | F26: 0.31577166 | G26: 0.034864877 | H26: 0.38973431 | I26: 0.14252844
A27: 5 | B27: 35 | C27: 1 | D27: 0.32283234 | E27: 0.024098097 | F27: 0.6354466 | G27: 0.081535437 | H27: 0.34604796 | I27: 0.090990992
A28: 5 | B28: 35 | C28: 2 | D28: 0.24214398 | E28: 0.025117517 | F28: 0.50689919 | G28: 0.082213005 | H28: 0.3814619 | I28: 0.092130396
J29: 0.141915 | K29: 0.0035109093

Sheet 6 Layers
A1: Layers | B1: Superepoch | C1: Region | D1: TrainMean | E1: TrainStd | F1: TestMean | G1: TestStd | H1: TestMeanINC | I1: TestStdINC | J1: TimeMean | K1: TimeStd
A2: 6 | B2: 5 | C2: 0 | D2: 0.22930694 | E2: 0.031059055 | F2: 0.39047169 | G2: 0.022356154 | H2: 0.35855705 | I2: 0.06413999
A3: 6 | B3: 5 | C3: 1 | D3: 0.31318771 | E3: 0.02908832 | F3: 0.73665651 | G3: 0.1298108 | H3: 0.30324458 | I3: 0.02164152
A4: 6 | B4: 5 | C4: 2 | D4: 0.27467075 | E4: 0.021628204 | F4: 0.56551698 | G4: 0.0631142 | H4: 0.35391995 | I4: 0.049742668
J5: 0.17132737 | K5: 0.002541437
A6: 6 | B6: 10 | C6: 0 | D6: 0.22095569 | E6: 0.025986802 | F6: 0.38073575 | G6: 0.027878838 | H6: 0.49854704 | I6: 0.21353719
A7: 6 | B7: 10 | C7: 1 | D7: 0.3187586 | E7: 0.022961561 | F7: 0.7368811 | G7: 0.098188027 | H7: 0.42108873 | I7: 0.18364084
A8: 6 | B8: 10 | C8: 2 | D8: 0.26918037 | E8: 0.026857188 | F8: 0.53746279 | G8: 0.057053483 | H8: 0.4956377 | I8: 0.28897253
J9: 0.17105151 | K9: 0.0022778231
A10: 6 | B10: 15 | C10: 0 | D10: 0.22197832 | E10: 0.024093558 | F10: 0.38375585 | G10: 0.0314273 | H10: 0.47905405 | I10: 0.19927019
A11: 6 | B11: 15 | C11: 1 | D11: 0.32312412 | E11: 0.022141147 | F11: 0.77008876 | G11: 0.099354853 | H11: 0.4116762 | I11: 0.1710602
A12: 6 | B12: 15 | C12: 2 | D12: 0.27209027 | E12: 0.034654181 | F12: 0.55302898 | G12: 0.063071529 | H12: 0.50258512 | I12: 0.30611971
J13: 0.17126937 | K13: 0.0020408514
A14: 6 | B14: 20 | C14: 0 | D14: 0.22565898 | E14: 0.024094355 | F14: 0.39993575 | G14: 0.044080506 | H14: 0.45389501 | I14: 0.18097943
A15: 6 | B15: 20 | C15: 1 | D15: 0.32741425 | E15: 0.022169641 | F15: 0.77992017 | G15: 0.10326278 | H15: 0.38865077 | I15: 0.15362481
A16: 6 | B16: 20 | C16: 2 | D16: 0.27486212 | E16: 0.032672425 | F16: 0.5612727 | G16: 0.059387964 | H16: 0.46626072 | I16: 0.27274714
J17: 0.17074401 | K17: 0.0025926295
A18: 6 | B18: 25 | C18: 0 | D18: 0.22098388 | E18: 0.024007823 | F18: 0.40053175 | G18: 0.041914249 | H18: 0.44483564 | I18: 0.16529942
A19: 6 | B19: 25 | C19: 1 | D19: 0.32530544 | E19: 0.022247394 | F19: 0.77562728 | G19: 0.098254196 | H19: 0.37479227 | I19: 0.14044558
A20: 6 | B20: 25 | C20: 2 | D20: 0.27284474 | E20: 0.030408917 | F20: 0.57517867 | G20: 0.066334075 | H20: 0.44529598 | I20: 0.24764307
J21: 0.17055788 | K21: 0.0024298079
A22: 6 | B22: 30 | C22: 0 | D22: 0.21739964 | E22: 0.023821284 | F22: 0.39548417 | G22: 0.042870041 | H22: 0.43366127 | I22: 0.153456
A23: 6 | B23: 30 | C23: 1 | D23: 0.32358136 | E23: 0.022079932 | F23: 0.77503889 | G23: 0.090389884 | H23: 0.3682196 | I23: 0.1295265
A24: 6 | B24: 30 | C24: 2 | D24: 0.27153466 | E24: 0.034646246 | F24: 0.59084422 | G24: 0.073843971 | H24: 0.43048942 | I24: 0.22853361
J25: 0.17053146 | K25: 0.002551732
A26: 6 | B26: 35 | C26: 0 | D26: 0.21627182 | E26: 0.022771927 | F26: 0.39705305 | G26: 0.042929674 | H26: 0.41912277 | I26: 0.14711143
A27: 6 | B27: 35 | C27: 1 | D27: 0.32086028 | E27: 0.021693744 | F27: 0.77326214 | G27: 0.086178794 | H27: 0.36013331 | I27: 0.12181113
A28: 6 | B28: 35 | C28: 2 | D28: 0.27088366 | E28: 0.032784513 | F28: 0.59278154 | G28: 0.068614144 | H28: 0.4200189 | I28: 0.21324915
J29: 0.17028676 | K29: 0.0026622041

Sheet 7 Layers
A1: Layers | B1: Superepoch | C1: Region | D1: TrainMean | E1: TrainStd | F1: TestMean | G1: TestStd | H1: TestMeanINC | I1: TestStdINC | J1: TimeMean | K1: TimeStd
A2: 7 | B2: 5 | C2: 0 | D2: 0.23272349 | E2: 0.029606904 | F2: 0.40281128 | G2: 0.026768176 | H2: 0.33712183 | I2: 0.046207103
A3: 7 | B3: 5 | C3: 1 | D3: 0.34511033 | E3: 0.013123669 | F3: 0.77957909 | G3: 0.025362015 | H3: 0.30189809 | I3: 0.0053752248
A4: 7 | B4: 5 | C4: 2 | D4: 0.2839774 | E4: 0.022766766 | F4: 0.62856136 | G4: 0.08118937 | H4: 0.34890054 | I4: 0.018326964
J5: 0.19994484 | K5: 0.0055472722
A6: 7 | B6: 10 | C6: 0 | D6: 0.23937541 | E6: 0.036017586 | F6: 0.39649366 | G6: 0.03754498 | H6: 0.3685947 | I6: 0.065187059
A7: 7 | B7: 10 | C7: 1 | D7: 0.33391829 | E7: 0.018141566 | F7: 0.79459254 | G7: 0.030622412 | H7: 0.3200124 | I7: 0.033962651
A8: 7 | B8: 10 | C8: 2 | D8: 0.28937979 | E8: 0.028608348 | F8: 0.62046864 | G8: 0.060209574 | H8: 0.37603141 | I8: 0.044932033
J9: 0.20114703 | K9: 0.0046616864
A10: 7 | B10: 15 | C10: 0 | D10: 0.23360183 | E10: 0.031310418 | F10: 0.40082109 | G10: 0.039389232 | H10: 0.36345931 | I10: 0.058369902
A11: 7 | B11: 15 | C11: 1 | D11: 0.33365246 | E11: 0.015282888 | F11: 0.7805712 | G11: 0.047883326 | H11: 0.31699144 | I11: 0.029078111
A12: 7 | B12: 15 | C12: 2 | D12: 0.28644755 | E12: 0.028943517 | F12: 0.60362553 | G12: 0.0569766 | H12: 0.36764027 | I12: 0.039070713
J13: 0.20142047 | K13: 0.0045332542
A14: 7 | B14: 20 | C14: 0 | D14: 0.23118739 | E14: 0.028026405 | F14: 0.40104744 | G14: 0.035129007 | H14: 0.36967816 | I14: 0.070583964
A15: 7 | B15: 20 | C15: 1 | D15: 0.33537023 | E15: 0.01794485 | F15: 0.77619073 | G15: 0.054186404 | H15: 0.32081806 | I15: 0.036310977
A16: 7 | B16: 20 | C16: 2 | D16: 0.28725498 | E16: 0.028256446 | F16: 0.61353483 | G16: 0.067201366 | H16: 0.36767063 | I16: 0.037535081
J17: 0.20202695 | K17: 0.0046623397
A18: 7 | B18: 25 | C18: 0 | D18: 0.22981304 | E18: 0.027946039 | F18: 0.39889128 | G18: 0.03563302 | H18: 0.37186604 | I18: 0.068092912
A19: 7 | B19: 25 | C19: 1 | D19: 0.33362125 | E19: 0.023249508 | F19: 0.77556245 | G19: 0.049939576 | H19: 0.31880736 | I19: 0.033032753
A20: 7 | B20: 25 | C20: 2 | D20: 0.28582849 | E20: 0.028216699 | F20: 0.61694273 | G20: 0.080491758 | H20: 0.36435508 | I20: 0.034520758
J21: 0.20184092 | K21: 0.0045613679
A22: 7 | B22: 30 | C22: 0 | D22: 0.23348786 | E22: 0.028182442 | F22: 0.39654645 | G22: 0.033559155 | H22: 0.37689601 | I22: 0.067496423
A23: 7 | B23: 30 | C23: 1 | D23: 0.33484605 | E23: 0.023543724 | F23: 0.77348423 | G23: 0.056883183 | H23: 0.31782337 | I23: 0.030309764
A24: 7 | B24: 30 | C24: 2 | D24: 0.28763855 | E24: 0.028408814 | F24: 0.60561521 | G24: 0.078164106 | H24: 0.36344219 | I24: 0.031967212
J25: 0.20213732 | K25: 0.0045419604
A26: 7 | B26: 35 | C26: 0 | D26: 0.23112077 | E26: 0.027483494 | F26: 0.39360941 | G26: 0.037736082 | H26: 0.3777235 | I26: 0.063723626
A27: 7 | B27: 35 | C27: 1 | D27: 0.33677522 | E27: 0.024964262 | F27: 0.77317138 | G27: 0.058804691 | H27: 0.31839669 | I27: 0.028341897
A28: 7 | B28: 35 | C28: 2 | D28: 0.28737758 | E28: 0.029115709 | F28: 0.59971011 | G28: 0.074764518 | H28: 0.36451588 | I28: 0.030742452
J29: 0.20207595 | K29: 0.0044040104

Sheet All Layers TestINC Mean
A1: Superepoch | B1: Region | C1: 1layer | D1: 2layers | E1: 3layers | F1: 4layers | G1: 5layers | H1: 6layers | I1: 7layers
A2: 5 | B2: 0 | C2: 0.27764767 | D2: 0.26687588 | E2: 0.26687588 | F2: 0.31916047 | G2: 0.33461255 | H2: 0.35855705 | I2: 0.33712183
A3: 5 | B3: 1 | C3: 0.25729319 | D3: 0.29793603 | E3: 0.29793603 | F3: 0.31930595 | G3: 0.30645483 | H3: 0.30324458 | I3: 0.30189809
A4: 5 | B4: 2 | C4: 0.24728149 | D4: 0.28277205 | E4: 0.28277205 | F4: 0.33882171 | G4: 0.33520647 | H4: 0.35391995 | I4: 0.34890054
A5: 10 | B5: 0 | C5: 0.26467962 | D5: 0.29410366 | E5: 0.29410366 | F5: 0.32900513 | G5: 0.38437443 | H5: 0.49854704 | I5: 0.3685947
A6: 10 | B6: 1 | C6: 0.26749813 | D6: 0.31327918 | E6: 0.31327918 | F6: 0.32416286 | G6: 0.32751868 | H6: 0.42108873 | I6: 0.3200124
A7: 10 | B7: 2 | C7: 0.24638198 | D7: 0.31803052 | E7: 0.31803052 | F7: 0.33950392 | G7: 0.37022583 | H7: 0.4956377 | I7: 0.37603141
A8: 15 | B8: 0 | C8: 0.25056862 | D8: 0.28728328 | E8: 0.28728328 | F8: 0.34057646 | G8: 0.38675733 | H8: 0.47905405 | I8: 0.36345931
A9: 15 | B9: 1 | C9: 0.2635531 | D9: 0.30830896 | E9: 0.30830896 | F9: 0.3210546 | G9: 0.34051477 | H9: 0.4116762 | I9: 0.31699144
A10: 15 | B10: 2 | C10: 0.24440094 | D10: 0.307849 | E10: 0.307849 | F10: 0.33148089 | G10: 0.38040268 | H10: 0.50258512 | I10: 0.36764027
A11: 20 | B11: 0 | C11: 0.2442026 | D11: 0.29075096 | E11: 0.29075096 | F11: 0.33595257 | G11: 0.40583211 | H11: 0.45389501 | I11: 0.36967816
A12: 20 | B12: 1 | C12: 0.26080213 | D12: 0.30381247 | E12: 0.30381247 | F12: 0.31950567 | G12: 0.35817936 | H12: 0.38865077 | I12: 0.32081806
A13: 20 | B13: 2 | C13: 0.24317805 | D13: 0.30684908 | E13: 0.30684908 | F13: 0.33041814 | G13: 0.38545249 | H13: 0.46626072 | I13: 0.36767063
... A22: 35 | B22: 2 | C22: 0.24932893 | D22: 0.30128745 | E22: 0.30128745 | F22: 0.34527471 | G22: 0.3814619 | H22: 0.4200189 | I22: 0.36451588

Sheet All Layers Train Mean
A1: Region | B1: Superepoch | C1: 1Layer | D1: 2Layers | E1: 3Layers | F1: 4Layers | G1: 5Layers | H1: 6Layers | I1: 7Layers | K1: Superepoch | L1: Region | M1: 1layer | N1: 2layers | O1: 3layers | P1: 4layers | Q1: 5layers | R1: 6layers | S1: 7layers
A2: 0 | B2: 5 | C2: 0.17517043 | D2: 0.19184216 | E2: ='3 Layers'!D2 -> 0.19184216 | F2: 0.21471591 | G2: 0.22142209 | H2: 0.22930694 | I2: 0.23272349 | K2: 5 | L2: 0 | M2: 0.27764767 | N2: 0.26687588 | O2: 0.26687588 | P2: 0.31916047 | Q2: 0.33461255 | R2: 0.35855705 | S2: 0.33712183
A3: 1 | B3: 5 | C3: 0.26949338 | D3: 0.28599048 | E3: ='3 Layers'!D3 -> 0.28599048 | F3: 0.31533913 | G3: 0.34573834 | H3: 0.31318771 | I3: 0.34511033 | K3: 5 | L3: 1 | M3: 0.25729319 | N3: 0.29793603 | O3: 0.29793603 | P3: 0.31930595 | Q3: 0.30645483 | R3: 0.30324458 | S3: 0.30189809
A4: 2 | B4: 5 | C4: 0.19218436 | D4: 0.19683772 | E4: ='3 Layers'!D4 -> 0.19683772 | F4: 0.22726766 | G4: 0.24876806 | H4: 0.27467075 | I4: 0.2839774 | K4: 5 | L4: 2 | M4: 0.24728149 | N4: 0.28277205 | O4: 0.28277205 | P4: 0.33882171 | Q4: 0.33520647 | R4: 0.35391995 | S4: 0.34890054
A5: 0 | B5: 10 | C5: 0.17495777 | D5: 0.18600925 | E5: ='3 Layers'!D6 -> 0.18600925 | F5: 0.19778291 | G5: 0.21460753 | H5: 0.22095569 | I5: 0.23937541 | K5: 10 | L5: 0 | M5: 0.26467962 | N5: 0.29410366 | O5: 0.29410366 | P5: 0.32900513 | Q5: 0.38437443 | R5: 0.49854704 | S5: 0.3685947
A6: 1 | B6: 10 | C6: 0.26731055 | D6: 0.28142829 | E6: ='3 Layers'!D7 -> 0.28142829 | F6: 0.30453322 | G6: 0.33434341 | H6: 0.3187586 | I6: 0.33391829 | K6: 10 | L6: 1 | M6: 0.26749813 | N6: 0.31327918 | O6: 0.31327918 | P6: 0.32416286 | Q6: 0.32751868 | R6: 0.42108873 | S6: 0.3200124
A7: 2 | B7: 10 | C7: 0.18780869 | D7: 0.19543979 | E7: ='3 Layers'!D8 -> 0.19543979 | F7: 0.21989939 | G7: 0.24357351 | H7: 0.26918037 | I7: 0.28937979 | K7: 10 | L7: 2 | M7: 0.24638198 | N7: 0.31803052 | O7: 0.31803052 | P7: 0.33950392 | Q7: 0.37022583 | R7: 0.4956377 | S7: 0.37603141
A8: 0 | B8: 15 | C8: 0.17609878 | D8: 0.18753683 | E8: ='3 Layers'!D10 -> 0.18753683 | F8: 0.19448824 | G8: 0.21832741 | H8: 0.22197832 | I8: 0.23360183 | K8: 15 | L8: 0 | M8: 0.25056862 | N8: 0.28728328 | O8: 0.28728328 | P8: 0.34057646 | Q8: 0.38675733 | R8: 0.47905405 | S8: 0.36345931
A9: 1 | B9: 15 | C9: 0.27014226 | D9: 0.28192246 | E9: ='3 Layers'!D11 -> 0.28192246 | F9: 0.30454738 | G9: 0.33093852 | H9: 0.32312412 | I9: 0.33365246 | K9: 15 | L9: 1 | M9: 0.2635531 | N9: 0.30830896 | O9: 0.30830896 | P9: 0.3210546 | Q9: 0.34051477 | R9: 0.4116762 | S9: 0.31699144
A10: 2 | B10: 15 | C10: 0.18944413 | D10: 0.19861494 | E10: ='3 Layers'!D12 -> 0.19861494 | F10: 0.2200192 | G10: 0.25044551 | H10: 0.27209027 | I10: 0.28644755 | K10: 15 | L10: 2 | M10: 0.24440094 | N10: 0.307849 | O10: 0.307849 | P10: 0.33148089 | Q10: 0.38040268 | R10: 0.50258512 | S10: 0.36764027
A11: 0 | B11: 20 | C11: 0.17732113 | D11: 0.18503483 | E11: ='3 Layers'!D14 -> 0.18503483 | F11: 0.19807872 | G11: 0.2137428 | H11: 0.22565898 | I11: 0.23118739 | K11: 20 | L11: 0 | M11: 0.2442026 | N11: 0.29075096 | O11: 0.29075096 | P11: 0.33595257 | Q11: 0.40583211 | R11: 0.45389501 | S11: 0.36967816
A12: 1 | B12: 20 | C12: 0.26968889 | D12: 0.28076591 | E12: ='3 Layers'!D15 -> 0.28076591 | F12: 0.3042377 | G12: 0.32852447 | H12: 0.32741425 | I12: 0.33537023 | K12: 20 | L12: 1 | M12: 0.26080213 | N12: 0.30381247 | O12: 0.30381247 | P12: 0.31950567 | Q12: 0.35817936 | R12: 0.38865077 | S12: 0.32081806
A13: 2 | B13: 20 | C13: 0.18889889 | D13: 0.19734017 | E13: ='3 Layers'!D16 -> 0.19734017 | F13: 0.22194044 | G13: 0.24388882 | H13: 0.27486212 | I13: 0.28725498 | K13: 20 | L13: 2 | M13: 0.24317805 | N13: 0.30684908 | O13: 0.30684908 | P13: 0.33041814 | Q13: 0.38545249 | R13: 0.46626072 | S13: 0.36767063
A14: 0 | B14: 25 | C14: 0.1766727 | D14: 0.18586266 | E14: ='3 Layers'!D18 -> 0.18586266 | F14: 0.19683435 | G14: 0.21436603 | H14: 0.22098388 | I14: 0.22981304 | K14: 25 | L14: 0 | M14: 0.25011578 | N14: 0.29193619 | O14: 0.29193619 | P14: 0.33494726 | Q14: 0.39048356 | R14: 0.44483564 | S14: 0.37186604
A15: 1 | B15: 25 | C15: 0.26884821 | D15: 0.27932664 | E15: ='3 Layers'!D19 -> 0.27932664 | F15: 0.3020695 | G15: 0.32673923 | H15: 0.32530544 | I15: 0.33362125 | K15: 25 | L15: 1 | M15: 0.26753123 | N15: 0.30615581 | O15: 0.30615581 | P15: 0.31920929 | Q15: 0.34825651 | R15: 0.37479227 | S15: 0.31880736
A16: 2 | B16: 25 | C16: 0.18795825 | D16: 0.19672223 | E16: ='3 Layers'!D20 -> 0.19672223 | F16: 0.2181805 | G16: 0.2477366 | H16: 0.27284474 | I16: 0.28582849 | K16: 25 | L16: 2 | M16: 0.25556809 | N16: 0.31178041 | O16: 0.31178041 | P16: 0.33093799 | Q16: 0.37503358 | R16: 0.44529598 | S16: 0.36435508
A17: 0 | B17: 30 | C17: 0.17756183 | D17: 0.18718112 | E17: ='3 Layers'!D22 -> 0.18718112 | F17: 0.19853711 | G17: 0.21154084 | H17: 0.21739964 | I17: 0.23348786 | K17: 30 | L17: 0 | M17: 0.24638521 | N17: 0.29070404 | O17: 0.29070404 | P17: 0.34646108 | Q17: 0.38176595 | R17: 0.43366127 | S17: 0.37689601
A18: 1 | B18: 30 | C18: 0.26838228 | D18: 0.27843731 | E18: ='3 Layers'!D23 -> 0.27843731 | F18: 0.30059334 | G18: 0.32463228 | H18: 0.32358136 | I18: 0.33484605 | K18: 30 | L18: 1 | M18: 0.26790844 | N18: 0.30613894 | O18: 0.30613894 | P18: 0.33716249 | Q18: 0.34155555 | R18: 0.3682196 | S18: 0.31782337
A19: 2 | B19: 30 | C19: 0.1886915 | D19: 0.19648112 | E19: ='3 Layers'!D24 -> 0.19648112 | F19: 0.21976322 | G19: 0.24474314 | H19: 0.27153466 | I19: 0.28763855 | K19: 30 | L19: 2 | M19: 0.25062693 | N19: 0.30529937 | O19: 0.30529937 | P19: 0.34925016 | Q19: 0.37573809 | R19: 0.43048942 | S19: 0.36344219
A20: 0 | B20: 35 | C20: 0.17767306 | D20: 0.1877921 | E20: ='3 Layers'!D26 -> 0.1877921 | F20: 0.19749923 | G20: 0.21106874 | H20: 0.21627182 | I20: 0.23112077 | K20: 35 | L20: 0 | M20: 0.244322 | N20: 0.29093362 | O20: 0.29093362 | P20: 0.3425399 | Q20: 0.38973431 | R20: 0.41912277 | S20: 0.3777235
A21: 1 | B21: 35 | C21: 0.26750037 | D21: 0.28216172 | E21: ='3 Layers'!D27 -> 0.28216172 | F21: 0.30177726 | G21: 0.32283234 | H21: 0.32086028 | I21: 0.33677522 | K21: 35 | L21: 1 | M21: 0.2669714 | N21: 0.30447504 | O21: 0.30447504 | P21: 0.33491898 | Q21: 0.34604796 | R21: 0.36013331 | S21: 0.31839669
A22: 2 | B22: 35 | C22: 0.18792363 | D22: 0.1999425 | E22: ='3 Layers'!D28 -> 0.1999425 | F22: 0.21919857 | G22: 0.24214398 | H22: 0.27088366 | I22: 0.28737758 | K22: 35 | L22: 2 | M22: 0.24932893 | N22: 0.30128745 | O22: 0.30128745 | P22: 0.34527471 | Q22: 0.3814619 | R22: 0.4200189 | S22: 0.36451588

Sheet All Layers Test Mean
A1: Superepoch | B1: Region | C1: 1layer | D1: 2layers | E1: 3layers | F1: 4layers | G1: 5layers | H1: 6layers | I1: 7layers
A2: 5 | B2: 0 | C2: 0.19991987 | D2: 0.23465715 | E2: 0.23465715 | F2: 0.29290797 | G2: 0.33896911 | H2: 0.39047169 | I2: 0.40281128
A3: 10 | B3: 0 | C3: 0.19988228 | D3: 0.24673298 | E3: 0.24673298 | F3: 0.27426778 | G3: 0.32680078 | H3: 0.38073575 | I3: 0.39649366
A4: 15 | B4: 0 | C4: 0.20069206 | D4: 0.24721287 | E4: 0.24721287 | F4: 0.27330184 | G4: 0.32264277 | H4: 0.38375585 | I4: 0.40082109
A5: 20 | B5: 0 | C5: 0.20431566 | D5: 0.24239693 | E5: 0.24239693 | F5: 0.27679792 | G5: 0.316845 | H5: 0.39993575 | I5: 0.40104744
A6: 25 | B6: 0 | C6: 0.20432131 | D6: 0.24218237 | E6: 0.24218237 | F6: 0.2748515 | G6: 0.31825429 | H6: 0.40053175 | I6: 0.39889128
A7: 30 | B7: 0 | C7: 0.20459671 | D7: 0.24641284 | E7: 0.24641284 | F7: 0.27707071 | G7: 0.31805708 | H7: 0.39548417 | I7: 0.39654645
A8: 35 | B8: 0 | C8: 0.20582908 | D8: 0.24870486 | E8: 0.24870486 | F8: 0.27843536 | G8: 0.31577166 | H8: 0.39705305 | I8: 0.39360941
A9: 5 | B9: 1 | C9: 0.29829447 | D9: 0.42133906 | E9: 0.42133906 | F9: 0.58061328 | G9: 0.65173843 | H9: 0.73665651 | I9: 0.77957909
A10: 10 | B10: 1 | C10: 0.3341535 | D10: 0.41860536 | E10: 0.41860536 | F10: 0.56533962 | G10: 0.63186429 | H10: 0.7368811 | I10: 0.79459254
A11: 15 | B11: 1 | C11: 0.33912505 | D11: 0.4229072 | E11: 0.4229072 | F11: 0.57211792 | G11: 0.613883 | H11: 0.77008876 | I11: 0.7805712
A12: 20 | B12: 1 | C12: 0.34100704 | D12: 0.42816328 | E12: 0.42816328 | F12: 0.5625448 | G12: 0.63260803 | H12: 0.77992017 | I12: 0.77619073
A13: 25 | B13: 1 | C13: 0.33487788 | D13: 0.4252107 | E13: 0.4252107 | F13: 0.56771997 | G13: 0.62336124 | H13: 0.77562728 | I13: 0.77556245
... A22: 35 | B22: 2 | C22: 0.26178968 | D22: 0.34632779 | E22: 0.34632779 | F22: 0.42902716 | G22: 0.50689919 | H22: 0.59278154 | I22: 0.59971011

Sheet TrainGraph
A1: Region | B1: Superepoch | C1: 1Layer | D1: 2Layers | E1: 3Layers | F1: 4Layers | G1: 5Layers | H1: 6Layers | I1: 7Layers
A2: 0 | B2: 5 | C2: 0.17517043 | D2: 0.19184216 | E2: 0.19184216 | F2: 0.21471591 | G2: 0.22142209 | H2: 0.22930694 | I2: 0.23272349
A3: 0 | B3: 10 | C3: 0.17495777 | D3: 0.18600925 | E3: 0.18600925 | F3: 0.19778291 | G3: 0.21460753 | H3: 0.22095569 | I3: 0.23937541
A4: 0 | B4: 15 | C4: 0.17609878 | D4: 0.18753683 | E4: 0.18753683 | F4: 0.19448824 | G4: 0.21832741 | H4: 0.22197832 | I4: 0.23360183
A5: 0 | B5: 20 | C5: 0.17732113 | D5: 0.18503483 | E5: 0.18503483 | F5: 0.19807872 | G5: 0.2137428 | H5: 0.22565898 | I5: 0.23118739
A6: 0 | B6: 25 | C6: 0.1766727 | D6: 0.18586266 | E6: 0.18586266 | F6: 0.19683435 | G6: 0.21436603 | H6: 0.22098388 | I6: 0.22981304
A7: 0 | B7: 30 | C7: 0.17756183 | D7: 0.18718112 | E7: 0.18718112 | F7: 0.19853711 | G7: 0.21154084 | H7: 0.21739964 | I7: 0.23348786
A8: 0 | B8: 35 | C8: 0.17767306 | D8: 0.1877921 | E8: 0.1877921 | F8: 0.19749923 | G8: 0.21106874 | H8: 0.21627182 | I8: 0.23112077
A9: 1 | B9: 5 | C9: 0.26949338 | D9: 0.28599048 | E9: 0.28599048 | F9: 0.31533913 | G9: 0.34573834 | H9: 0.31318771 | I9: 0.34511033
A10: 1 | B10: 10 | C10: 0.26731055 | D10: 0.28142829 | E10: 0.28142829 | F10: 0.30453322 | G10: 0.33434341 | H10: 0.3187586 | I10: 0.33391829
A11: 1 | B11: 15 | C11: 0.27014226 | D11: 0.28192246 | E11: 0.28192246 | F11: 0.30454738 | G11: 0.33093852 | H11: 0.32312412 | I11: 0.33365246
A12: 1 | B12: 20 | C12: 0.26968889 | D12: 0.28076591 | E12: 0.28076591 | F12: 0.3042377 | G12: 0.32852447 | H12: 0.32741425 | I12: 0.33537023
A13: 1 | B13: 25 | C13: 0.26884821 | D13: 0.27932664 | E13: 0.27932664 | F13: 0.3020695 | G13: 0.32673923 | H13: 0.32530544 | I13: 0.33362125
... A22: 2 | B22: 35 | C22: 0.18792363 | D22: 0.1999425 | E22: 0.1999425 | F22: 0.21919857 | G22: 0.24214398 | H22: 0.27088366 | I22: 0.28737758

Sheet TestGraph
A1: Superepoch | B1: Region | C1: 1layer | D1: 2layers | E1: 3layers | F1: 4layers | G1: 5layers | H1: 6layers | I1: 7layers
A2: 5 | B2: 0 | C2: 0.19991987 | D2: 0.23465715 | E2: 0.23465715 | F2: 0.29290797 | G2: 0.33896911 | H2: 0.39047169 | I2: 0.40281128
A3: 10 | B3: 0 | C3: 0.19988228 | D3: 0.24673298 | E3: 0.24673298 | F3: 0.27426778 | G3: 0.32680078 | H3: 0.38073575 | I3: 0.39649366
A4: 15 | B4: 0 | C4: 0.20069206 | D4: 0.24721287 | E4: 0.24721287 | F4: 0.27330184 | G4: 0.32264277 | H4: 0.38375585 | I4: 0.40082109
A5: 20 | B5: 0 | C5: 0.20431566 | D5: 0.24239693 | E5: 0.24239693 | F5: 0.27679792 | G5: 0.316845 | H5: 0.39993575 | I5: 0.40104744
A6: 25 | B6: 0 | C6: 0.20432131 | D6: 0.24218237 | E6: 0.24218237 | F6: 0.2748515 | G6: 0.31825429 | H6: 0.40053175 | I6: 0.39889128
A7: 30 | B7: 0 | C7: 0.20459671 | D7: 0.24641284 | E7: 0.24641284 | F7: 0.27707071 | G7: 0.31805708 | H7: 0.39548417 | I7: 0.39654645
A8: 35 | B8: 0 | C8: 0.20582908 | D8: 0.24870486 | E8: 0.24870486 | F8: 0.27843536 | G8: 0.31577166 | H8: 0.39705305 | I8: 0.39360941
A9: 5 | B9: 1 | C9: 0.29829447 | D9: 0.42133906 | E9: 0.42133906 | F9: 0.58061328 | G9: 0.65173843 | H9: 0.73665651 | I9: 0.77957909
A10: 10 | B10: 1 | C10: 0.3341535 | D10: 0.41860536 | E10: 0.41860536 | F10: 0.56533962 | G10: 0.63186429 | H10: 0.7368811 | I10: 0.79459254
A11: 15 | B11: 1 | C11: 0.33912505 | D11: 0.4229072 | E11: 0.4229072 | F11: 0.57211792 | G11: 0.613883 | H11: 0.77008876 | I11: 0.7805712
A12: 20 | B12: 1 | C12: 0.34100704 | D12: 0.42816328 | E12: 0.42816328 | F12: 0.5625448 | G12: 0.63260803 | H12: 0.77992017 | I12: 0.77619073
A13: 25 | B13: 1 | C13: 0.33487788 | D13: 0.4252107 | E13: 0.4252107 | F13: 0.56771997 | G13: 0.62336124 | H13: 0.77562728 | I13: 0.77556245
... A22: 35 | B22: 2 | C22: 0.26178968 | D22: 0.34632779 | E22: 0.34632779 | F22: 0.42902716 | G22: 0.50689919 | H22: 0.59278154 | I22: 0.59971011

Sheet TestINCGraph
A1: Superepoch | B1: Region | C1: 1layer | D1: 2layers | E1: 3layers | F1: 4layers | G1: 5layers | H1: 6layers | I1: 7layers
A2: 5 | B2: 0 | C2: 0.27764767 | D2: 0.26687588 | E2: 0.26687588 | F2: 0.31916047 | G2: 0.33461255 | H2: 0.35855705 | I2: 0.33712183
A3: 10 | B3: 0 | C3: 0.26467962 | D3: 0.29410366 | E3: 0.29410366 | F3: 0.32900513 | G3: 0.38437443 | H3: 0.49854704 | I3: 0.3685947
A4: 15 | B4: 0 | C4: 0.25056862 | D4: 0.28728328 | E4: 0.28728328 | F4: 0.34057646 | G4: 0.38675733 | H4: 0.47905405 | I4: 0.36345931
A5: 20 | B5: 0 | C5: 0.2442026 | D5: 0.29075096 | E5: 0.29075096 | F5: 0.33595257 | G5: 0.40583211 | H5: 0.45389501 | I5: 0.36967816
A6: 25 | B6: 0 | C6: 0.25011578 | D6: 0.29193619 | E6: 0.29193619 | F6: 0.33494726 | G6: 0.39048356 | H6: 0.44483564 | I6: 0.37186604
A7: 30 | B7: 0 | C7: 0.24638521 | D7: 0.29070404 | E7: 0.29070404 | F7: 0.34646108 | G7: 0.38176595 | H7: 0.43366127 | I7: 0.37689601
A8: 35 | B8: 0 | C8: 0.244322 | D8: 0.29093362 | E8: 0.29093362 | F8: 0.3425399 | G8: 0.38973431 | H8: 0.41912277 | I8: 0.3777235
A9: 5 | B9: 1 | C9: 0.25729319 | D9: 0.29793603 | E9: 0.29793603 | F9: 0.31930595 | G9: 0.30645483 | H9: 0.30324458 | I9: 0.30189809
A10: 10 | B10: 1 | C10: 0.26749813 | D10: 0.31327918 | E10: 0.31327918 | F10: 0.32416286 | G10: 0.32751868 | H10: 0.42108873 | I10: 0.3200124
A11: 15 | B11: 1 | C11: 0.2635531 | D11: 0.30830896 | E11: 0.30830896 | F11: 0.3210546 | G11: 0.34051477 | H11: 0.4116762 | I11: 0.31699144
A12: 20 | B12: 1 | C12: 0.26080213 | D12: 0.30381247 | E12: 0.30381247 | F12: 0.31950567 | G12: 0.35817936 | H12: 0.38865077 | I12: 0.32081806
A13: 25 | B13: 1 | C13: 0.26753123 | D13: 0.30615581 | E13: 0.30615581 | F13: 0.31920929 | G13: 0.34825651 | H13: 0.37479227 | I13: 0.31880736
... A22: 35 | B22: 2 | C22: 0.24932893 | D22: 0.30128745 | E22: 0.30128745 | F22: 0.34527471 | G22: 0.3814619 | H22: 0.4200189 | I22: 0.36451588
